Unnamed: 0,count,hate_speech,offensive_language,neither,class,tweet,translated_text
0,3,0,0,3,2,!!! RT @mayasolovely: As a woman you shouldn't complain about cleaning up your house. &amp; as a man you should always take the trash out...,!!! RT mayasolovely: Como uma mulher você não deve reclamar sobre a limpeza de sua casa. &amp; como um homem você deve sempre tirar o lixo...
1,3,0,3,0,1,!!!!! RT @mleew17: boy dats cold...tyga dwn bad for cuffin dat hoe in the 1st place!!,!! !!! RT mleew17: menino dats frio... tyga dwn ruim para abobinado dat hoe no 1o lugar!!
2,3,0,3,0,1,!!!!!!! RT @UrKindOfBrand Dawg!!!! RT @80sbaby4life: You ever fuck a bitch and she start to cry? You be confused as shit,!!!!!!!!! RT UrKindOFBrandDawg!!!! RT 80sbaby4life: Você sempre fode uma puta e ela começa a chorar? Você ser confundido como merda
3,3,0,2,1,1,!!!!!!!!! RT @C_G_Anderson: @viva_based she look like a tranny,!!!!!!!!! RT C_G_Anderson: viva_based ela olhar como um travesti
4,6,0,6,0,1,!!!!!!!!!!!!! RT @ShenikaRoberts: The shit you hear about me might be true or it might be faker than the bitch who told it to ya &#57361;,!!!!!!!!!!!! RT ShenikaRoberts: A merda que você ouve sobre mim pode ser verdade ou pode ser mais falsa do que a cadela que disse isso para você &#57361;
5,3,1,2,0,1,"!!!!!!!!!!!!!!!!!!""@T_Madison_x: The shit just blows me..claim you so faithful and down for somebody but still fucking with hoes! &#128514;&#128514;&#128514;""","!!!!!!!!!!!!!!!!!!!!!""T_Madison_x: A merda só me sopra..claimá-lo tão fiel e para baixo para alguém, mas ainda fodendo com enxadas! &#128514;&#128514;&#128514;"""
6,3,0,3,0,1,"!!!!!!""@__BrighterDays: I can not just sit up and HATE on another bitch .. I got too much shit going on!""","!!!!!!""____BrighterDias: Eu não posso simplesmente sentar e odiar outra cadela .. Eu tenho muita merda acontecendo!"""
7,3,0,3,0,1,!!!!&#8220;@selfiequeenbri: cause I'm tired of you big bitches coming for us skinny girls!!&#8221;,!!!&#8220;selfiequeenbri: porque eu estou cansado de vocês vadias grandes vindo para nós meninas magras!!&#8221;
8,3,0,3,0,1,""" &amp; you might not get ya bitch back &amp; thats that """,""" &amp; você pode não ter sua cadela de volta &amp; isso é que """
9,3,1,2,0,1,""" @rhythmixx_ :hobbies include: fighting Mariam""

bitch","""rhythmixx_ :hobbies include: fighting Mariam"" cadela"
10,3,0,3,0,1,""" Keeks is a bitch she curves everyone "" lol I walked into a conversation like this. Smh",""" Keeks é uma cadela que ela curva a todos "" lol eu entrei em uma conversa como esta. Smh"
11,3,0,3,0,1,""" Murda Gang bitch its Gang Land """,""" Murda Gang cadela sua Gang Land """
12,3,0,2,1,1,""" So hoes that smoke are losers ? "" yea ... go on IG","""Então eis que a fumaça são perdedores? "" sim ... ir em IG"
13,3,0,3,0,1,""" bad bitches is the only thing that i like """,""" bad cadelas é a única coisa que eu gosto """
14,3,1,2,0,1,""" bitch get up off me """,""" cadela saia de cima de mim """
15,3,0,3,0,1,""" bitch nigga miss me with it """,""" cadela nigga sentir minha falta com ele """
16,3,0,3,0,1,""" bitch plz whatever """,""" cadela plz o que quer """
17,3,1,2,0,1,""" bitch who do you love """,""" cadela quem você ama """
18,3,0,3,0,1,""" bitches get cut off everyday B """,""" cadelas são cortadas todos os dias B """
19,3,0,3,0,1,""" black bottle &amp; a bad bitch """,""" garrafa preta & amp; uma vadia ruim """
