Unnamed: 0,count,hate_speech,offensive_language,neither,class,tweet,tweet_translated
0,3,0,0,3,2,!!! RT @mayasolovely: As a woman you shouldn't complain about cleaning up your house. &amp; as a man you should always take the trash out...,!!! RT mayasolovely: Como uma mulher você não deve reclamar sobre a limpeza de sua casa. &amp; como um homem você deve sempre tirar o lixo...
1,3,0,3,0,1,!!!!! RT @mleew17: boy dats cold...tyga dwn bad for cuffin dat hoe in the 1st place!!,!! !!! RT mleew17: menino dats frio... tyga dwn ruim para abobinado dat hoe no 1o lugar!!
2,3,0,3,0,1,!!!!!!! RT @UrKindOfBrand Dawg!!!! RT @80sbaby4life: You ever fuck a bitch and she start to cry? You be confused as shit,!!!!!!!!! RT UrKindOFBrandDawg!!!! RT 80sbaby4life: Você sempre fode uma puta e ela começa a chorar? Você ser confundido como merda
3,3,0,2,1,1,!!!!!!!!! RT @C_G_Anderson: @viva_based she look like a tranny,!!!!!!!!! RT C_G_Anderson: viva_based ela olhar como um travesti
4,6,0,6,0,1,!!!!!!!!!!!!! RT @ShenikaRoberts: The shit you hear about me might be true or it might be faker than the bitch who told it to ya &#57361;,!!!!!!!!!!!! RT ShenikaRoberts: A merda que você ouve sobre mim pode ser verdade ou pode ser mais falsa do que a cadela que disse isso para você &#57361;
5,3,1,2,0,1,"!!!!!!!!!!!!!!!!!!""@T_Madison_x: The shit just blows me..claim you so faithful and down for somebody but still fucking with hoes! &#128514;&#128514;&#128514;""","!!!!!!!!!!!!!!!!!!!!!""T_Madison_x: A merda só me sopra..claimá-lo tão fiel e para baixo para alguém, mas ainda fodendo com enxadas! &#128514;&#128514;&#128514;"""
6,3,0,3,0,1,"!!!!!!""@__BrighterDays: I can not just sit up and HATE on another bitch .. I got too much shit going on!""","!!!!!!""____BrighterDias: Eu não posso simplesmente sentar e odiar outra cadela .. Eu tenho muita merda acontecendo!"""
7,3,0,3,0,1,!!!!&#8220;@selfiequeenbri: cause I'm tired of you big bitches coming for us skinny girls!!&#8221;,!!!&#8220;selfiequeenbri: porque eu estou cansado de vocês vadias grandes vindo para nós meninas magras!!&#8221;
8,3,0,3,0,1,""" &amp; you might not get ya bitch back &amp; thats that """,""" &amp; você pode não ter sua cadela de volta &amp; isso é que """
9,3,1,2,0,1,""" @rhythmixx_ :hobbies include: fighting Mariam""

bitch","""rhythmixx_ :hobbies include: fighting Mariam"" cadela"
10,3,0,3,0,1,""" Keeks is a bitch she curves everyone "" lol I walked into a conversation like this. Smh",""" Keeks é uma cadela que ela curva a todos "" lol eu entrei em uma conversa como esta. Smh"
11,3,0,3,0,1,""" Murda Gang bitch its Gang Land """,""" Murda Gang cadela sua Gang Land """
12,3,0,2,1,1,""" So hoes that smoke are losers ? "" yea ... go on IG","""Então eis que a fumaça são perdedores? "" sim ... ir em IG"
13,3,0,3,0,1,""" bad bitches is the only thing that i like """,""" bad cadelas é a única coisa que eu gosto """
14,3,1,2,0,1,""" bitch get up off me """,""" cadela saia de cima de mim """
15,3,0,3,0,1,""" bitch nigga miss me with it """,""" cadela nigga sentir minha falta com ele """
16,3,0,3,0,1,""" bitch plz whatever """,""" cadela plz o que quer """
17,3,1,2,0,1,""" bitch who do you love """,""" cadela quem você ama """
18,3,0,3,0,1,""" bitches get cut off everyday B """,""" cadelas são cortadas todos os dias B """
19,3,0,3,0,1,""" black bottle &amp; a bad bitch """,""" garrafa preta & amp; uma vadia ruim """
20,3,0,3,0,1,""" broke bitch cant tell me nothing """,""" cadela quebrada não pode me dizer nada """
21,3,0,3,0,1,""" cancel that bitch like Nino """,""" Cancela essa cadela como Nino """
22,3,0,3,0,1,""" cant you see these hoes wont change """,""" não podes ver que estas enxadas não vão mudar"""
23,3,0,3,0,1,""" fuck no that bitch dont even suck dick "" &#128514;&#128514;&#128514; the Kermit videos bout to fuck IG up",""" foda-se não que a puta nem sequer chupar pau"" &#128514;&#128514;&#128514; os vídeos Kermit luta para foder IG para cima"
24,3,0,3,0,1,""" got ya bitch tip toeing on my hardwood floors "" &#128514; http://t.co/cOU2WQ5L4q",""" got ya cadela ponta toeing nos meus pisos de madeira"" &#128514; http://t.co/cOU2WQ5L4q"
25,3,0,2,1,1,""" her pussy lips like Heaven doors "" &#128524;",""" seus lábios de buceta como portas do céu "" &#128524;"
26,3,0,3,0,1,""" hoe what its hitting for """,""" hoe what its hitting for "" """
27,3,0,3,0,1,""" i met that pussy on Ocean Dr . i gave that pussy a pill "" &#128524;",""" Conheci aquela rata no Ocean Dr. . dei a essa rata uma pílula "" &#128524;"
28,3,0,3,0,1,""" i need a trippy bitch who fuck on Hennessy """,""" eu preciso de uma vadia trippy que foda em Hennessy """
29,3,0,3,0,1,""" i spend my money how i want bitch its my business """,""" eu gasto meu dinheiro como eu quero cadela é o meu negócio """
30,3,0,3,0,1,""" i txt my old bitch my new bitch pussy wetter """,""" eu txt minha velha cadela minha nova cadela bicha buceta molhada """
31,3,0,3,0,1,""" i'd say im back to the old me but my old bitches would get excited "" &#128524;","""Eu diria que estou de volta ao velho eu, mas minhas velhas cadelas ficariam animadas"" &#128524;"
32,3,0,3,0,1,""" if you aint bout that Murder Game pussy nigga shut up """,""" se você aint luta que assassino jogo buceta nigga calar a boca """
33,3,0,3,0,1,""" if you're toes ain't done you pussy stinks """,""" se você está dedos dos pés não está feito você buceta fede"""
34,3,0,3,0,1,""" im done with bitter bitches its a wrap for that . if you a angry bird theres a app for that """,""" eu fiz com vadias amargas é um envoltório para isso . se você um pássaro irritado há um aplicativo para isso """
35,3,0,3,0,1,""" is that ya bitch """,""" é que a sua puta """
36,3,0,3,0,1,""" it aint nothing to cut a bitch off """,""" não é nada para cortar uma puta fora """
37,3,0,3,0,1,""" jus meet son now he ya mane ass bitches "" #Shots",""" jus meet filho agora ele ya ya jue bunda bundas putas "" #Shots"
38,3,0,2,1,1,""" lames crying over hoes thats tears of a clown """,""" coxos chorando por enxadas que são lágrimas de um palhaço """
39,3,0,3,0,1,""" like Snoop said in 94 we dont love these hoes """,""" como Snoop disse em 94 nós não amamos estas enxadas """
40,3,0,1,2,2,""" momma said no pussy cats inside my doghouse ""","""Mamãe disse que não há gatinhos dentro da minha casa de cachorro"""
41,3,0,3,0,1,""" most hated but the hoes favorite "" #2MW #SevenOne # http://t.co/BMdSVMc3rC",""" mais odiado, mas o hoes favorito "" # 2MW # SevenOne # http://t.co/BMdSVMc3rC"
42,3,0,3,0,1,""" nice girls bad, make me get naughty. Bad yello hoe, real nice body. Down south chick, like em real thick"" http://t.co/bzRDl3kF7U",""" nice girls bad, make me get impertinente. Bad screamo hoe, real nice body. Down south girl, like em real thick"" http://t.co/bzRDl3kF7U"
43,3,0,3,0,1,""" pimps up pimps up hoes down "" Future voice",""" cafetões para cima cafetões para cima hoes para baixo "" voz do futuro"
44,3,0,3,0,1,""" post a picture of that pussy get 200 likes """,""" post a picture of that pussy get 200 likes """
45,3,0,3,0,1,""" pussy is a powerful drug "" &#128517; #HappyHumpDay http://t.co/R8jsymiB5b",""" buceta é uma droga poderosa"" &#128517; #HappyHumpDay http://t.co/R8jsymiB5b"
46,3,0,3,0,1,""" quick piece of pussy call it a drive by """,""" rápido pedaço de buceta chamá-lo um drive por """
47,3,0,3,0,1,""" running round here like some brand new pussy thats bout to get fucked """,""" correr por aqui como uma buceta nova que luta para ser fodida """
48,3,0,3,0,1,""" these bitches even worst they'll send them guys for you ""","""estas cadelas ainda pior eles vão enviar-lhes caras para você """
49,3,1,2,0,1,""" these hoes like niggas that spend money not talk bout it ""","""esses idiotas como manos que gastam dinheiro e não falam sobre isso"""
50,3,1,2,0,1,""" we dont trust these niggas all these bitches """,""" nós não confiamos nesses manos todas essas putas """
51,3,0,3,0,1,""" yall niggas b cuffing hoes cause yall aint never have bitches """,""" yill niggas b abotoar as espigas porque yill aint nunca tem cadelas """
52,3,0,3,0,1,""" you dodge a bullet "" &#128517; &#8220;@DaRealKha: ""All da bitches I cut off pregnant or bound to be ....thank God &#128591;""&#8221;",""" você se esquiva de uma bala "" &#128517; &#8220;DaRealKha: ""Todas as putas que eu cortei grávida ou obrigado a ser .... graças a Deus &#128591;"" &#8221;"
53,3,0,3,0,1,""" young Pill Chamberlain these bitches love my music """,""" jovem Pill Chamberlain essas putas amam minha música """
54,3,0,2,1,1,"""&#128514;&#128514;&#128514;&#128514;&#128514;&#128514;&#128514;&#128514;&#128514;&#128514;&#128514;@VandalSavage_: Teanna Trump probably cleaner than most of these twitter hoes but.........""","""&#128514;&#128514;&#128514;&#128514;&#128514;&#128514;&#128514;&#128514;&#128514;&#128514;&#128514;&#128514;&#128514;&#128514;&#128514;&#128514;VandalSavage_: Teanna Trump provavelmente mais limpo do que a maioria destes enx.........""...""..."".............................................................................................................................................................................................................................................................................................................................................................................................................................................................................................................................................................................................................................................................................................................................................................................................................................................................................................................................."
55,3,0,3,0,1,"""&#128514;&#128514;&#128514;&#128514;&#128514;&#128514;&#128514;&#128514;&#128514;&#128514;@DaHomieFuzz: Gay niggas couldn't wait to act like bitches tonight""","""&#128514;&#128514;&#128514;&#128514;&#128514;&#128514;&#128514;&#128514;&#128514;&#128514;DaHomieFuzz: Gay niggas mal podia esperar para agir como vadias esta noite"""
56,3,0,3,0,1,"""&#128514;&#128514;&#128514;@The_Paradox: And ima steal his cat n replace it with a pitbull &#128514;&#128514;&#128514;&#128514; RT @80sbaby4life: @The_Paradox He a bitch you should do it""","""&#128514;&#128514;&#128514;&#128514;The_Paradox: E ima roubar seu gato n substituí-lo por um pitbull &#128514;&#128514;&#128514;&#128514; RT 80sbaby4life: The_Paradox Ele uma cadela você deve fazê-lo"""
57,3,0,3,0,1,"""&amp; he's gone always be a hoe""","""&amp; ele se foi sempre ser uma enxada"""
58,3,0,3,0,1,"""...Son of a bitch took my Tic Tacs.""

I like this movie.","""Filho da mãe levou meu Tic Tacs."" Eu gosto deste filme."
59,3,0,3,0,1,"""..All I wanna do is get money and fuck model bitches!"" - Russell Simmons","""Tudo o que eu quero fazer é pegar dinheiro e foder putas modelo!"" - Russell Simmons"
60,3,0,2,1,1,"""@2015seniorprobs: I probably wouldn&#8217;t mind school as much if we didn&#8217;t have to deal with bitch ass teachers"". Retweet","""2015seniorprobs: Eu provavelmente iria&#8217;t mente escola tanto se nós não&#8217;t ter que lidar com professores de bunda cadela"". Retweet"
61,3,0,3,0,1,"""@A7XDemery: I'm a fucking fag they said""","""A7XDemery: Eu sou uma porra de uma bicha que eles disseram"""
62,3,0,3,0,1,"""@ARIZZLEINDACUT: Females think dating a pussy is cute now? http://t.co/VxBJg26Gsz"" how does doing this stuff make him a pussy?","""ARIZZLEINDACUT: As mulheres acham que namorar uma buceta é fofo agora? http://t.co/VxBJg26Gsz"" como fazer isso faz dele uma buceta?"
63,3,0,0,3,2,"""@Addicted2Guys: -SimplyAddictedToGuys http://t.co/1jL4hi8ZMF"" woof woof hot scally lad","Addicted2Guys: -SimplyAddictedToGuys http://t.co/1jL4hi8ZMF"" woof woof hot scally lad"
64,3,0,3,0,1,"""@AdoreBellaaa: Have ya ever asked your bitch for other bitches - kanye voice"" Yes","""AdoreBellaaa: Alguma vez você já pediu a sua cadela para outras cadelas - voz kanye"" Sim"
65,3,0,3,0,1,"""@AdoreZoey: How u gone bring ur side bitch to a game where You know Ya gf friends at ?! &#128553;&#128553;&#128553;&#128553;"" I SWEAR!!!!!","""AdoreZoey: Como você foi trazer sua cadela lateral para um jogo onde você conhece os amigos do Ya gf em ?! &#128553;&#128553;&#128553;&#128553;"" I SWEAR!!!!!"
66,3,0,1,2,2,"""@AllAboutManFeet: http://t.co/3gzUpfuMev"" woof woof and hot soles","""AllAboutManFeet: http://t.co/3gzUpfuMev"" woof woof e solas quentes"
67,3,0,1,2,2,"""@Allyhaaaaa: Lemmie eat a Oreo &amp; do these dishes."" One oreo? Lol","""Allyhaaaaa: Lemmie comer um Oreo &amp; fazer estes pratos."" Um oreo? Lol"
68,3,0,3,0,1,"""@Almightywayne__: @JetsAndASwisher @Gook____ bitch fuck u http://t.co/pXmGA68NC1"" maybe you'll get better. Just http://t.co/TPreVwfq0S","""Almightywayne______: JetsAndaswisher Gook_____ cadela foda-se u http://t.co/pXmGA68NC1"" talvez você melhore. Apenas http://t.co/TPreVwfq0S"
69,3,1,2,0,1,"""@Almightywayne__: Fuck Red Malone man bitch ass niggah"" could you please use complete sentences?","""Almightywayne___: Foda-se Red Malone homem cadela bunda niggah"" você poderia por favor usar frases completas?"
70,3,0,0,3,2,"""@ArizonasFinest6: Why the eggplant emoji doe?""y he say she looked like scream lmao","""ArizonasFinest6: Por que o emoji de berinjela faze?""y ele diz que ela parecia gritar lmao"
71,3,0,3,0,1,"""@AutoWorId: Hennessey Venom GT &#128584; http://t.co/i8eGMnKaJ9"" that's one sexy bitch","""AutoWorId: Hennessey Venom GT &#128584; http://t.co/i8eGMnKaJ9"" que é uma cadela sexy"
72,3,0,3,0,1,"""@BOSSBYTCHH: Him seh me pussy wetter then a shower curtain....#ahmesehwetness""&lt;lmao!!","""BOSSBYTCHH: Ele seh me buceta mais molhado, em seguida, uma cortina de chuveiro....#ahmesehwetness"" &lt;lmao!!"
73,3,0,3,0,1,"""@BRO_HEN314: #Eaglesnation and every #Eagles need to see that pic I just posted because that bitch just said the most racist shit""",BRO_HEN314: #Eaglesnation e todos os #Eagles precisam ver essa foto que acabei de postar porque essa cadela acabou de dizer a merda mais racista.
74,3,1,2,0,1,"""@BVSEDCHINK: Yo fuck skateboarding, all y'all some wood pushing faggots man, ball is life http://t.co/VBCzP6HMT7""
@AmJemieBenn","""BVSEDCHINK: Yo fuck skateboard, todos vocês um pouco de madeira empurrando faggots homem, bola é vida http://t.co/VBCzP6HMT7"" AmJemieBenn"
75,3,0,1,2,2,"""@BabyAnimalPics: baby monkey bathtime http://t.co/7KPWAdLF0R""
Awwwwe! This is soooo ADORABLE!","""BabyAnimalPics: baby monkey bathtime http://t.co/7KPWadLF0R"" Awwwwe! Isso é tão adorável!"
76,3,0,3,0,1,"""@BaylaaGottaBody: &#128514;&#128514;&#128514;&#128514; I ain't shit ."" Damn Skippy lol","""BaylaaGottaBody: &#128514;&#128514;&#128514;&#128514; Eu não sou uma merda."" Damn Skippy lol"
77,3,1,2,0,1,"""@BeEasyJrizzy: u ever kill a ant on the sidewalk and think damn what if that nigga was on his way to get some pussy""No bs must b &gt;30%chance","BeEasyJrizzy: você nunca matar uma formiga na calçada e pensar o que diabos se esse negão estava a caminho para obter um pouco de buceta""No bs must b &gt;30%chance"
78,3,0,3,0,1,"""@BeenBasedB: @_KudaBrazyy http://t.co/LuUBGL9Y5u"" 0 rings 0 mvps 0 bitches lol","""BeenBassedB: _KudaBrazyy http://t.co/LuUBGL9Y5u"" 0 anéis 0 mvps 0 cadelas lol"
79,3,1,2,0,1,"""@BeenFLYnSolo: ppl talk bad about the ghetto/hood ... but as a kid growing up, a nigga had funnnnnnn !""","""BeenFLYnSolo: ppl falar mal sobre o gueto / estado ... mas quando criança, um negro tinha funnnnnnn !"""
80,9,0,7,2,1,"""@BestProAdvice: The facts on tattoos...tattoo http://t.co/ZwnbhpDZ8e"" he's a pussy with not tattooing them nipples","""BestProAdvice: The facts on tattoos...tattoo http://t.co/ZwnbhpDZ8e"" ele é um bichano com não tatuar mamilos"
81,3,0,3,0,1,"""@Bill215_: &#128175;&#128175;&#128175; RT @nel_ayden Bitches be wanting to act like niggas so bad &#128553;&#128553;&#128553; that shit aint cuteeeee"" but niggas act like bitches..","Bill215_: &#128175;&#128175;&#128175; RT nel_ayden Bitches estar querendo agir como niggas tão ruim &#128553;&#128553;&#128553; que merda aint cuteee"" mas niggas agir como cadelas."
82,3,0,3,0,1,"""@BitchJones92: Get worshiping bitch! http://t.co/R37CejCjou"" woof woof","""BitchJones92: Obter vadia adorando! http://t.co/R37CejCjou"" woof woof"
83,3,1,2,0,1,"""@BlackChiquitita: Wow. RT @thatmanpalmer I'm lost. Are those buttcheek piercings? http://t.co/yn6guyOUQ6"" yeah she's a hoe","""BlackChiquitita: Uau. RT thhatmanpalmer Eu estou perdido. São esses piercings buttcheek? http://t.co/yn6guyOUQ6"" sim, ela é uma enxada"
84,3,0,3,0,1,"""@BlackNerdJade: Ok, sis."" She'd rather be a broke bitch? *shrugs* she'll have to tell me how it works for her","""BlackNerdJade: Ok, mana."" Ela prefere ser uma vadia quebrada? * Shrugs * ela terá que me dizer como funciona para ela"
85,3,2,1,0,0,"""@Blackman38Tide: @WhaleLookyHere @HowdyDowdy11 queer"" gaywad","Blackman38Tide: WhaleLookyAqui HowdyDowdy11 queer"" gaywad"
87,3,0,3,0,1,"""@BrokenPiecesmsc: @ItsNotAdam faggot read my tweets after dat k"" it wasn't even funny lol","""BrokenPiecesmsc: ItsNotAdam faggot ler meus tweets depois dat k"" não foi mesmo engraçado lol"
88,3,0,3,0,1,"""@BrosConfessions: This bitch was so ungrateful http://t.co/06e77bGwbx"" fr ..... LULWHORE","""BrosConfessions: Esta cadela era tão ingrata http://t.co/06e77bGwbx"" fr ..... LULWHORE"
89,3,0,3,0,1,"""@CASHandBOOBIES: I been kidnapped yo bitch""","CASHANDBOOBIES: Fui raptada, sua vadia"
90,3,3,0,0,0,"""@CB_Baby24: @white_thunduh alsarabsss"" hes a beaner smh you can tell hes a mexican","""CB_Baby24: white_thunduh alsarabssss"" ele é um smh beaner você pode dizer ele é um mexicano"
91,3,1,2,0,1,"""@CCobey: @AydanMcCoy happy birthday nigs"" Thanks yo","""Cobey: AydanMcCoy happy birthday nigs"" Obrigado yo"
92,6,1,5,0,1,"""@CHlLDHOODRUINER: when ur teacher tells u that u have homework https://t.co/RKk5vawIj1"" this bitch need to go!!!","""CHlLDHOODRUINER: quando seu professor diz a u que você tem lição de casa https://t.co/RKk5vawIj1"" esta cadela precisa ir!!!"
93,3,1,2,0,1,"""@CaelanG15: ""@22EdHam: @CaelanG15 that nigga was eating that hoe lol"" Hell Yea lol john Paul"" nigga said john paul.. http://t.co/OSIpBKPr9h","""CaelanG15: ""22EdHam: CaelanG15 que nigga estava comendo aquele hoe lol"" Hell Yea lol john Paul"" nigga disse john paul.. http://t.co/OSIpBKPr9h"
94,3,0,3,0,1,"""@CanIFuckOrNah: What would y'all lil ugly bald headed bitches do if they stop making make-up &amp; weave?""",CanIFuckOrNah: O que vocês fariam se parassem de fazer maquiagem?
95,3,1,2,0,1,"""@CarelessOne92: Leafs better win this damn game so I can go riot and shit #EarlyChristmas"" you better start looting my nig","""CarelessOne92: Folhas é melhor ganhar este maldito jogo para que eu possa ir motim e merda #No Natal"" você é melhor começar a saquear meu negão"
96,3,0,3,0,1,"""@CauseWereGuys: Going back to school sucks more dick than the hoes who attend it.""","""CausaWereGuys: Voltar para a escola é mais idiota do que as enxadas que o frequentam."""
97,3,0,3,0,1,"""@CauseWereGuys: On my way to fuck yo bitch http://t.co/j906T5zE2R"" me as a 9 year old","""CauseWereGuys: No meu caminho para foder sua puta http://t.co/j906T5zE2R"" me como um 9 ano de idade"
98,3,0,3,0,1,"""@CeleyNichole: @white_thunduh how come you never bring me food"" i dont have a car retard","CeleyNichole: white_thunduh como você nunca me traz comida"" eu não tenho um carro retardado"
99,3,0,3,0,1,"""@ChadMFVerbeck: If Richnow doesn't show up with hella tinder hoes Im not his friend anymore"" chill I brought like like 8 prople","""ChadMFVerbeck: Se Richnow não aparecer com hella tinder hoes Não sou mais seu amigo"" arrepio Eu trouxe como 8 prople"
100,3,1,2,0,1,"""@ChandlerParsons: How bout them Cowboys!!!!"" Shutup pussy",ChandlerParsons: Como eles são cowboys!!!! Shutup buceta
